INSERT INTO category (name)
VALUES ('Женская одежда и обувь'),
('Мужская одежда и обувь'),
('Техника'), 
('Дом и сад'),
('Строительство и ремонт'),
('Красота'),
('Здоровье'),
('Спорт'),
('Книги'),
('Хобби');

INSERT INTO product (name, description, price, url_photo, category_id)
VALUES ('Рубашка', 'Рубашка женская розовая идеально сочетается с джинсами, брюками, юбками или леггинсами, что позволяет создать разнообразные образы. Она подходит для создания как повседневного, так и делового образа. ', 999, 'meow.com/photo1.png', 1),
('Брюки', 'Брюки прямого кроя, их можно носить в любое время года. Можно сочетать с различным верхом: свободные лонгсливы, рубашки, приталенные блузы или майки.', 1499, 'meow.com/photo2.png', 1),
('Юбка', 'Привлекательность и универсальность этой юбки делают ее подходящей для различных случаев, будь то деловая встреча или вечерняя прогулка по городу. Если вы ищете удобный вариант для длительного ношения, эта юбка — идеальный выбор.', 1299, 'meow.com/photo3.png', 1),
('Платье', 'Легкое и удобное платье из натурального 100% хлопка! Прекрасно подойдет для тех, кто любит комфорт и качество. Удлиненный фасон изделия подчеркнёт достоинства Вашей фигуры.', 1899, 'meow.com/photo4.png', 1),
('Футболка', 'Повседневная женская футболка из натурального хлопка. Без добавления синтетики. Умеренный оверсайз, крой прямой. Рукава средней длины. Принт на передней части', 799,'meow.com/photo5.png', 1),
('Брюки', 'Стильные черные брюки с завышенной, обтягивающие сверху, но прямые и широкие к низу, идеально подойдут для повседневной носки для тех, кто хочет чувствовать себя свежо и легко.', 1899, 'meow.com/photo6.png', 1),
('Платье', 'Это платье отлично впишется в гардероб современной девушки и позволит создавать множество различных образов. Платье с принтом из легкой струящейся ткани не мнется, а ваша кожа дышит, даже в жаркую погоду вам будет комфортно.', 1899, 'meow.com/photo7.png', 1),
('Рубашка', 'Рубашка из хлопка сочетается с классическими брюками, черными юбками, джинсами. Если вы любите экспериментировать с цветами и стилями, блузу можно дополнить яркими розовыми или зелеными аксессуарами и получить совершенно новый образ.', 999, 'meow.com/photo8.png', 1),
('Футболка', 'Эта модель - универсальное решение для повседневного гардероба. Благодаря уникальному круглому вырезу горловины она идеально сочетает в себе классический и современный стиль. Минималистичный дизайн рубашки оставляет место для личного самовыражения, являясь идеальной основой для самых разных нарядов.', 699, 'meow.com/photo9.png', 1),
('Юбка', 'Белая женская юбка отличное дополнение базового гардероба. Сочетается с кедами, кроссовками, шлепанцами, босоножками. С футболкой, топом, рубашкой юбка составит прекрасный вечерний образ.', 1099, 'meow.com/photo10.png', 1),

('Брюки', 'Классические мужские брюки – обязательный элемент базового гардероба каждого мужчины. Если требует дресс-код, пригласили на торжество, посвящённое дню рождению, юбилею, свадьбе и т.д., то брюки – необходимый элемент для создания нарядного образа.', 1799, 'meow.com/photo11.png', 2),
('Брюки', 'Мужские коричневые штаны - это классическая и стильная одежда, которая подходит для различных событий и повседневной носки. Они имеют слегка зауженный крой, что придает им элегантность и удобство. Штаны выполнены из таких материалов, как хлопок и лен, и обладают прочностью и долговечностью.', 3399, 'meow.com/photo12.png', 2),
('Футболка', 'Футболка выполнена из высококачественного хлопка, что обеспечивает комфорт и долговечность. Бежевый цвет придает ей элегантность и позволяет легко сочетать с другими элементами гардероба. Футболка идеально сочетается с джинсами, брюками или шортами, создавая модный и современный образ.', 2099, 'meow.com/photo13.png', 2),
('Футболка', 'Мужская футболка оверсайз черного цвета из хлопка - это стильная и модная одежда, которая обеспечивает максимальный комфорт и свободу движений. Оверсайз крой добавляет футболке современности и позволяет создавать непринужденные и стильные образы.  Эта футболка - отличный выбор для тех, кто ценит комфорт и стиль в одежде.', 1999, 'meow.com/photo14.png', 2),
('Шорты', 'Зеленые шорты - стильный и яркий выбор для летнего гардероба. Изготовлены из легкой и дышащей ткани, обеспечивают комфорт и свободу движений. Идеальны для активного отдыха или спорта.', 2599, 'meow.com/photo15.png', 2),
('Шорты', 'Серые меланж спортивные шорты - практичные и универсальные. Изготовлены из высококачественного материала, который обеспечивает оптимальную вентиляцию и быстрое высыхание. Идеальны для тренировок или повседневной носки.', 2499, 'meow.com/photo16.png', 2),
('Рубашка', 'Бежевая классическая мужская рубашка - элегантный и стильный выбор для любого повода. Изготовлена из качественного материала, обеспечивающего выскоий уровень комфорта. Отлично подходит для деловых встреч или особых событий.', 2399, 'meow.com/photo17.png', 2),
('Рубашка', 'Голубая хлопковая мужская рубашка - свежий и яркий акцент для вашего гардероба. Изготовлена из мягкого и дышащего хлопка, обеспечивающего комфорт в течение всего дня. Подходит как для офисной среды, так и для повседневной носки.', 1599, 'meow.com/photo18.png', 2),
('Свитер', 'Белый мужской свитер с узорами - стильный и модный элемент вашего гардероба. Изготовлен из мягкого и теплого материала, который обеспечивает комфорт в прохладные дни. Узоры добавляют особый шарм и индивидуальность этому свитеру.', 3299, 'meow.com/photo19.png', 2),
('Свитер', 'Классический мужской коричневый свитер - элегантный и универсальный выбор для холодного времени года. Изготовлен из прочного и теплого материала, который сохраняет тепло в холодные дни. Идеально сочетается с различными стилями и подходит для различных событий.', 3999, 'meow.com/photo20.png', 2),

('Смартфон Apple iPhone 15 Pro Max', 'Apple iPhone 15 Pro Max — сверхпрочный флагман, изготовленный из титана. За бескомпромиссную производительность смартфона отвечает новейший чип Apple A17 Bionic Pro. Устройство получило передовую систему камер, продуманную эргономику, обновленный дизайн и новую программируемую кнопку.', 199990, 'meow.com/photo21.png', 3),
('Планшет Apple iPad Air (5-го поколения)', 'Apple iPad Air 5-го поколения не изменился внешне, но стал гораздо совершеннее в техническом плане. В уже привычном тонком алюминиевом корпусе, получившем новые расцветки, скрывается более мощный процессор, поддержка 5G (актуально только для моделей с SIM-картой), а также улучшенная фронтальная камера.', 90990, 'meow.com/photo22.png', 3),
('Ноутбук Apple MacBook Air', 'Новый MacBook - превосходное сочетание стиля и производительности. Снабжен высококачественным экраном Retina, который обеспечивает яркое и четкое изображение. Оснащен мощным процессором, позволяющим выполнять задачи быстро и эффективно. Легкий и портативный, этот ноутбук идеально подходит для работы в пути или учебы.', 104990, 'meow.com/photo23.png', 3),

('Изделие декоративное', '«Полистоун — это искусственный камень, состоящий из акриловых смол, гидроксида алюминия, измельченного натурального камня, пигментов и других добавок. Он обладает практически всеми свойствами природного камня, за исключением хрупкости. ', 8020, 'meow.com/photo24.png', 4),
('Подвесное кресло-кокон', 'Уютное подвесное кресло с мягкими подушками станут любимым местом вашей семьи где можно будет провести безмятежные часы отдыха и релаксации на свежем воздухе.', 14990, 'meow.com/photo25.png', 4),
('Семена огурца', 'Среднеранний партенокарпический гибрид для выращивания на подоконниках и балконах. От всходов до первого сбора плодов – 43-47 дней. Растения высокорослые, с короткими боковыми побегами. В каждом узле закладывается от 1 до 3 завязей. Плоды длиной 10-12 см, с небольшими бугорками, массой 60-90 г. ', 250, 'meow.com/photo26.png', 4),
('Силиконовый коврик для раскатки и выпечки теста', 'Силиконовый коврик выдерживает температуру до +230°C. Подходит для раскатки и выпечки теста. Он невероятно облегчает процесс раскатки теста и лепки из него - тесто не липнет к поверхности коврика. Коврик не скользит по поверхности стола. Легко моется, не впитывает запахи и компактно складывается.', 504, 'meow.com/photo27.png', 4),
('Чайник', 'Чайник - надежный и функциональный аксессуар для приготовления чая или горячих напитков. Обладает стильным дизайном и прочным материалом, обеспечивающим долгий срок службы. Быстро нагревает воду благодаря мощному нагревательному элементу, что позволяет сэкономить время. Удобная ручка и легкость в использовании делают его идеальным выбором для вашей кухни.', 1489,'meow.com/photo28.png', 4),
('Подушка', 'Зеленая бамбуковая подушка - уютное и экологически чистое решение для вашего комфорта. Изготовлена из натурального бамбукового волокна, обеспечивая приятное ощущение и отличную поддержку для шеи и головы. Отлично подходит для сна и отдыха, а также имеет антибактериальные свойства.', 354,'meow.com/photo29.png', 4),
('Светильник', 'Светильник потолочный без цоколя - элегантное и современное решение для освещения вашего интерьера. Без цоколя, он создает равномерное и мягкое освещение в комнате, добавляя уют и атмосферу. Легко монтируется на потолок и имеет различные настройки яркости, что позволяет создавать различные настроения в помещении. Идеально подходит для гостиной, спальни или рабочего пространства.', 1405,'meow.com/photo30.png', 4),

('Дрель-шуруповерт', 'Аккумуляторная дрель используется при строительных, слесарно-монтажных работах. Помогает быстро высверливать отверстия нужного диаметра как на деревянной, так и металлической поверхности, быстро вкручивать или извлекать крепеж.', 1943, 'meow.com/photo31.png', 5),
('Ванна', 'Акриловая ванна представляет безупречную комбинацию проверенных временем технологий, экологически чистых материалов и стильных дизайнерских решений. Ее плавные изгибы отлично подходят для проведения регулярных спа-процедур, а альпийский белый цвет гармонично сочетается с яркой палитрой отделочных материалов, классическим и современным стилями оформления ванных комнат.', 26273, 'meow.com/photo32.png', 5),
('Обои', 'Эти обои с абстрактным принтом понравятся любителям минималистичного стиля в интерьере. Они прекрасно подойдут в любую комнату: коридор, кухню, спальню, гостиную.', 384, 'meow.com/photo33.png', 5),
('Деревянный брусок', 'Строганный брусок  используется в строительстве в качестве элемента каркаса для каркасных зданий, также его используют при установке различных видов обрешетки. Он применяется для изготовления мебели и декоративной отделки.', 176, 'meow.com/photo34.png', 5),
('Краска акриловая', 'Для окраски кирпичных, бетонных, оштукатуренных, гипсокартонных, асбестоцементных поверхностей внутри помещений, с повышенной влажностью воздуха (ванные комнаты, кухни, санузлы, подвальные помещения, подъезды, закрытые веранды, гаражи и т.п.). Краску можно наносить на тисненые и рельефные обои.', 759, 'meow.com/photo35.png', 5),

('Увлажняющий крем', 'Нежирное увлажняющее средство с легким тоном с солнцезащитным фактором SPF 30 сохраняет естественность цвета вашей кожи, в то же время скрывая недостатки и защищая её от ультрафиолетовых лучей.', 5185, 'meow.com/photo36.png', 6),
('Дезодорант шариковый', 'Шариковый дезодорант препятствует размножению бактерий, вызывающих неприятный запах. Уникальная в ассортименте бренда формула с черным углем эффективно действует против пота, сохраняет подмышки сухими и, таким образом, предотвращает неприятный запах тела. ', 226, 'meow.com/photo37.png', 6),
('Мусс для ухода за волосами', 'Незаменимый продукт для тонких волос просто обязан быть в каждой SOS-косметичке! Мусс мгновенно придает тонким волосам плотность, густоту и упругость. Активные компоненты проникают в структуру волос, восстанавливают их изнутри без эффекта липкости и утяжеления и защищают от стрессовых факторов внешней среды.', 558, 'meow.com/photo38.png', 6),
('Тени для век', 'Нюдовые тени для век - идеальное решение для создания естественного и нежного макияжа. Они имеют нейтральные оттенки, которые подходят для любого тона кожи и могут быть использованы как ежедневный вариант или для создания более выразительного образа. Благодаря своей мягкой текстуре, они легко наносятся и смешиваются, обеспечивая длительную стойкость и безупречное покрытие.', 1599, 'meow.com/photo39.png', 6),
('Парфюмерная вода', 'Эта парфюмерная вода является представителем классических восточных композиций ароматов. Он начинается с ярких и бодрящих цитрусовых нот лимона, соприкасающихся с водными нотками. Затем появляются сладкие и заманчивые персиковые тона, окруженные завораживающими мускусными и кедровыми акцентами.', 12899, 'meow.com/photo40.png', 6),

('Глазные капли', 'Глазные капли - это лекарственное средство, которое применяется для улучшения состояния глаз. Они могут использоваться для увлажнения и смягчения сухих глаз, устранения покраснения и раздражения, а также для снятия усталости и напряжения после длительного использования компьютера или контактных линз.', 118, 'meow.com/photo41.png', 7),
('Термометр', 'Термометр обеспечивает регулярный контроль показаний температуры, позволяет оперативно отреагировать на внезапное изменение самочувствия и своевременно применить необходимую терапию. Всё больше стран вводят запрет на использование ртутных термометров. Электронные термометры - лучший выбор для измерения темературы тела как в домашних условиях, так и в условиях клиники.', 648, 'meow.com/photo42.png', 7),
('Витаминно-минеральный комплекс кальций хелат', 'Добавка обеспечивает поступление в организм необходимых количеств кальция, который требуется для прочности костной ткани, нормальной работы нервной системы, а также включает витамины, регулирующие правильное усвоение кальция и его поступление именно в те ткани, где он может принести максимальную пользу.', 630, 'meow.com/photo43.png', 7),
('Йодомарин', 'Йодомарин - это препарат, содержащий йод, который широко используется для профилактики и лечения заболеваний щитовидной железы. Он помогает поддерживать нормальный уровень йода в организме, что важно для правильного функционирования щитовидки.', 202, 'meow.com/photo44.png', 7),
('Мармеладки', 'Витаминно-минеральный комплекс — для детей 3–10 лет. Новые мармеладки в форме забавных марсианчиков — это вкусный и удобный способ для заботы о здоровье маленьких непосед каждый день. Содержат сбалансированный набор витаминов и минералов для укрепления иммунитета ребенка в период вирусных заболеваний.', 804, 'meow.com/photo45.png', 7),

('Горнолыжная маска', 'Горнолыжная маска - идеальное средство для защиты глаз от ветра, снега и яркого солнца! Наша маска обеспечивает отличную видимость и комфорт, благодаря своему удобному дизайну и прочным материалам. Неотразимый стиль и надежная защита - все, что вам нужно для безопасного и увлекательного катания на горных склонах!', 293, 'meow.com/photo46.png', 8),
('Коврик для йоги', 'Двухсторонний нескользящий коврик толщиной 6 мм. Идеально сбалансированная мягкость защитит ваше тело, локти и колени при выполнении упражнений. На коврике приятно даже просто полежать 5-10 минут в середине дня — это помогает и для осанки.', 1138, 'meow.com/photo47.png', 8),
('Эллиптический тренажер', 'Эллиптический тренажер - ваш личный фитнес-клуб прямо у вас дома! Наш тренажер предлагает эффективную и удобную тренировку всего тела. Вы сможете укрепить свои мышцы, улучшить выносливость и сжигать лишние калории, не выходя из дома.', 25881, 'meow.com/photo48.png', 8),
('Гантели', 'Гантели - ваш незаменимый спутник на пути к здоровью и красивой фигуре! Наша коллекция гантелей предлагает разнообразные веса и стили, чтобы удовлетворить все ваши тренировочные потребности. С их помощью вы сможете укрепить мышцы, улучшить гибкость и форму тела.', 620, 'meow.com/photo49.png', 8),
('Мяч', ' Этот мяч обладает идеальными характеристиками для баскетбола - прочная резина, отличная амортизация и надежный захват. Вы сможете наслаждаться точными бросками, точными пасами и захватывающими играми в любое время и в любом месте. Достигайте новых высот в баскетболе с нашим непревзойденным мячом!', 1859, 'meow.com/photo50.png', 8),

('Джордж Оруэлл | 1984', 'Каждый день Уинстон Смит переписывает историю в соответствии с новой линией Министерства Правды. С каждой ложью, которую он переносит на бумагу, Уинстон всё больше ненавидит Партию, которая не интересуется ничем кроме власти, и которая не терпит инакомыслия. Но чем больше Уинстон старается думать иначе, тем сложнее ему становится избежать ареста, ведь Большой Брат всегда следит за тобой…', 248, 'meow.com/photo51.png', 9),
('Зверский детектив | Старобинец Анна', 'Все герои этой книжной серии — звери, однако любить и ненавидеть, лгать и говорить правду в морду, доверять и отчаиваться, предавать и спасать они умеют не хуже нас, человекообразных читателей. Разобраться, кто здесь друг, а кто враг, кто невинная пушистая жертва, а кто роковая хищная самка, кто заложник, а кто захватчик, можно только в конце, ведь по правилам жанра преступник неизвестен до самой развязки.', 1056, 'meow.com/photo52.png', 9),
('ЕГЭ-2024. Математика. Профильный уровень | Ященко Иван Валериевич', 'Серия подготовлена разработчиками контрольных измерительных материалов (КИМ) единого государственного экзамена. Выполнение заданий типовых экзаменационных вариантов предоставляет обучающимся возможность самостоятельно подготовиться к государственной итоговой аттестации, а также объективно оценить уровень своей подготовки.', 660, 'meow.com/photo53.png', 9),

('Монополия', 'Монополия классическая – это именно та игра, в которую играло, как минимум 500 млн человек, а это, на секундочку, 8% всего населения земного шара! Про эту игру можно рассказывать очень много и долго. Если спросить у знакомых, какие они знают настольные игры, Монополия обязательно возглавит любой список. Ее правила и механика не меняются десятилетиями, а армия поклонников неуклонно растет и пополняется новыми фанатами от 8 лет и до 99.', 705, 'meow.com/photo54.png', 10),
('Картина по номерам', 'Раскройте свой творческий потенциал с нашей уникальной картиной по номерам! Наш набор включает все необходимые материалы - краски, кисти и холст с пронумерованными областями. Просто следуйте номерам и создайте свою собственную шедевральную картину. Это отличный способ расслабиться, развить свои художественные навыки и создать красивое произведение искусства.', 625, 'meow.com/photo55.png', 10),
('Пазл', 'Погрузитесь в мир головоломок и откройте новые грани своей логики с нашим пазлом! Наш пазл представляет собой увлекательное испытание, которое требует терпения, внимания к деталям и стратегического мышления. Соберите все части вместе и увидите, как картинка оживает перед вашими глазами.', 348, 'meow.com/photo56.png', 10),
('Детский набор для опытов', 'Развлекайте и учите своего ребенка с нашим детским набором для опытов! Наш набор включает интересные и безопасные эксперименты, которые помогут вашему ребенку познать мир науки. Он сможет проводить различные опыты, изучать физические явления и экспериментировать с разными веществами.', 977, 'meow.com/photo57.png', 10);

INSERT INTO customer (name, email, phone, address)
VALUES ('Иванов Алексей Сергеевич', 'ivanov.alexey@gmail.com', '+79123456789', 'Москва, ул. Тверская, д. 1'), 
('Петрова Екатерина Дмитриевна', 'petrova.ekaterina@gmail.com', '+79873456487', 'Санкт-Петербург, наб. реки Фонтанки, д. 10'),
('Смирнов Денис Андреевич', 'smirnov.denis@yahoo.com', '+79101112233', 'Екатеринбург, ул. Ленина, д. 50'),
('Кузнецова Ольга Ивановна', 'kuznetsova.olga@mail.ru', '+79998887766', 'Новосибирск, пр. Карла Маркса, д. 100'),
('Васильев Артем Михайлович', 'vasiliev.artem@mail.ru', '+79012345678', 'Казань, ул. Баумана, д. 20'),
('Козлова Наталья Александровна', 'kozlova.natalia@yandex.ru', '+79876543210', 'Нижний Новгород, ул. Большая Покровская, д. 30'),
('Соколов Дмитрий Павлович', 'sokolov.dmitry@gmail.com', '+79125630574', 'Самара, ул. Куйбышева, д. 40'),
('Морозова Елена Владимировна', 'morozova.elena@yahoo.com', '+79109674521', 'Омск, ул. Ленина, д. 60'),
('Николаев Игорь Алексеевич', 'nikolaev.igor@mail.ru', '+79994563009', 'Ростов-на-Дону, пр. Буденновский, д. 70'),
('Лебедева Анастасия Сергеевна', 'lebedeva.anastasia@mail.ru', '+79857362067', 'Уфа, ул. Октябрьская, д. 80');

INSERT INTO cart(customer_id)
VALUES (1),
(2),
(3),
(4),
(5),
(6),
(7),
(8),
(9),
(10);

INSERT INTO cart_product (cart_id, product_id, amount)
VALUES (1, 50, 3), 
(1, 1, 1),
(2, 43, 5),
(3, 31, 9),
(4, 2, 1),
(4, 24, 5),
(5, 6, 2),
(6, 12, 8),
(7, 1, 1),
(8, 34, 5),
(8, 4, 2),
(9, 55, 10),
(10, 21, 1);

INSERT INTO order(customer_id, date, status)
VALUES (1, 2023-10-20, 'В сборке'),
(2, 2023-10-19, 'В сборке'),
(3, 2023-10-18, 'В сборке'),
(4, 2023-10-17, 'Передается в доставку'),
(5, 2023-10-16, 'Передается в доставку'),
(6, 2023-10-15, 'Передается в доставку'),
(7, 2023-10-14, 'В службе доставки'),
(8, 2023-10-13, 'В службе доставки'),
(9, 2023-10-12, 'В службе доставки'),
(10, 2023-10-11, 'Получен');

INSERT INTO order_product(order_id, product_id, amount)
VALUES (1, 12, 2),
(1, 13, 2),
(2, 22, 3),
(3, 33, 4),
(3, 50, 1),
(4, 44, 5),
(5, 55, 6),
(6, 6, 1),
(7, 7, 2),
(8, 8, 3),
(9, 32, 1),
(10, 41, 4);

INSERT INTO seller(name)
VALUES ('The Funky Boutique'),
('Outdoor Adventure Store'),
('The Vintage Emporium'),
('GeekMobile'),
('1001dress'),
('MarketPro24'),
('BATYA STORE'),
('Artisanal Craft Shop'),
('Fitness Studio'),
('The Home Decor Haven');

INSERT INTO store(address, seller_id)
VALUES ('г. Москва, ул. Ленина, д. 10', 1),
('г. Санкт-Петербург, пр. Победы, д. 25', 1),
('г. Екатеринбург, ул. Гагарина, д. 7', 2),
('г. Новосибирск, пер. Цветочный, д. 3', 1),
('г. Казань, ул. Пушкина, д. 15', 3),
('г. Ростов-на-Дону, пр. Мира, д. 12', 3),
('г. Владивосток, ул. Садовая, д. 8', 4),
('г. Красноярск, пер. Зеленый, д. 2', 5),
('г. Нижний Новгород, ул. Лесная, д. 20', 6),
('г. Самара, пр. Ленинградский, д. 5', 6),
('г. Челябинск, ул. Кирова, д. 9', 7),
('г. Уфа, пр. Октября, д. 14', 8),
('г. Волгоград, ул. Советская, д. 6', 9),
('г. Краснодар, пер. Центральный, д. 4', 9),
('г. Омск, ул. Московская, д. 18', 10);


INSERT INTO store_product(store_id, product_id, amount)
VALUES (2, 7, 182),
(3, 2, 216),
(10, 41, 293),
(14, 31, 182),
(11, 43, 106),
(5, 52, 270),
(3, 12, 299),
(7, 16, 258),
(9, 11, 242),
(2, 26, 228),
(8, 2, 274),
(15, 6, 102),
(13, 7, 226),
(15, 56, 252),
(3, 37, 203),
(1, 26, 249),
(3, 10, 210),
(6, 55, 240),
(2, 14, 225),
(4, 50, 150),
(7, 50, 276),
(4, 25, 299),
(15, 49, 103),
(4, 6, 168),
(5, 8, 279),
(4, 34, 169),
(2, 39, 107),
(3, 2, 169),
(14, 36, 145),
(15, 18, 231),
(10, 51, 228),
(3, 54, 125),
(13, 30, 260),
(12, 9, 103),
(4, 26, 149),
(14, 35, 136),
(7, 15, 273),
(15, 19, 283),
(11, 40, 280),
(14, 38, 121),
(15, 46, 228),
(10, 31, 218),
(6, 54, 173),
(2, 41, 236),
(11, 7, 215),
(13, 40, 219),
(13, 47, 269),
(10, 9, 127),
(13, 35, 268),
(7, 19, 222),
(15, 15, 297),
(14, 18, 118),
(6, 10, 103),
(2, 12, 210),
(8, 23, 113),
(8, 1, 231),
(12, 4, 282),
(7, 44, 194),
(7, 23, 202),
(12, 32, 263),
(2, 3, 158),
(6, 5, 136),
(5, 13, 162),
(2, 17, 123),
(3, 20, 263),
(7, 21, 149),
(11, 22, 166),
(3, 24, 102),
(15, 27, 184),
(9, 28, 160),
(10, 29, 246),
(4, 33, 230),
(7, 42, 232),
(5, 45, 120),
(1, 48, 195),
(14, 53, 273);

INSERT INTO delivery(store_id, product_id, amount, date)
VALUES (1, 33, 190, 2003-07-14),
(13, 37, 115, 2003-08-22),
(6, 23, 107, 2003-02-26),
(4, 8, 187, 2003-04-18),
(10, 41, 103, 2003-09-23),
(10, 5, 268, 2003-08-16),
(9, 54, 155, 2003-09-18),
(9, 23, 159, 2003-09-22),
(13, 11, 170, 2003-06-12),
(13, 1, 257, 2003-04-14),
(6, 19, 294, 2003-01-10),
(10, 37, 225, 2003-04-22),
(6, 16, 207, 2003-05-11),
(14, 29, 127, 2003-09-20),
(3, 51, 145, 2003-02-16),
(13, 34, 288, 2003-08-26),
(2, 7, 260, 2003-05-28),
(4, 22, 207, 2003-09-14),
(9, 16, 137, 2003-02-22),
(13, 29, 175, 2003-07-19),
(13, 8, 238, 2003-06-20),
(8, 33, 114, 2003-06-26),
(6, 38, 143, 2003-07-22),
(15, 27, 233, 2003-04-18),
(7, 35, 136, 2003-06-17),
(13, 25, 161, 2003-06-13),
(2, 52, 214, 2003-09-14),
(11, 52, 193, 2003-05-28),
(12, 39, 115, 2003-07-12),
(12, 13, 133, 2003-03-25),
(13, 1, 101, 2003-02-16),
(11, 40, 139, 2003-06-24),
(11, 36, 166, 2003-07-27),
(6, 20, 103, 2003-04-17),
(1, 4, 105, 2003-04-23),
(9, 10, 287, 2003-05-27),
(1, 15, 120, 2003-04-21),
(7, 42, 246, 2003-07-19),
(14, 4, 258, 2003-05-16),
(3, 29, 295, 2003-06-24),
(15, 33, 270, 2003-01-25),
(3, 34, 153, 2003-07-16),
(11, 4, 180, 2003-07-28),
(11, 19, 101, 2003-04-21),
(12, 53, 169, 2003-01-10),
(13, 26, 300, 2003-03-21),
(3, 22, 267, 2003-08-22),
(5, 15, 284, 2003-03-24),
(9, 22, 181, 2003-09-19),
(2, 51, 243, 2003-02-21),
(6, 15, 176, 2003-06-23),
(11, 45, 210, 2003-04-20),
(8, 29, 240, 2003-08-14),
(1, 15, 209, 2003-06-11),
(4, 6, 246, 2003-03-12),
(14, 26, 140, 2003-06-25),
(15, 2, 251, 2003-02-14),
(4, 17, 229, 2003-02-19),
(9, 24, 243, 2003-01-20),
(4, 29, 206, 2003-07-19),
(13, 3, 218, 2003-07-19),
(7, 9, 131, 2003-07-19),
(4, 12, 104, 2003-07-19),
(11, 14, 142, 2003-07-19),
(3, 18, 209, 2003-07-19),
(4, 21, 220, 2003-07-19),
(12, 28, 212, 2003-07-19),
(9, 30, 277, 2003-07-19),
(12, 31, 158, 2003-07-19),
(1, 32, 299, 2003-07-19),
(6, 43, 214, 2003-07-19),
(11, 44, 294, 2003-07-19),
(12, 46, 127, 2003-07-19),
(3, 47, 134, 2003-07-19),
(8, 48, 126, 2003-07-19),
(9, 49, 288, 2003-07-19),
(8, 50, 254, 2003-07-19),
(5, 55, 120, 2003-07-19),
(11, 56, 108, 2003-07-19);



